objectid,acc_id,longitude,latitude,crash_date,crash_time,severity
24294075,10329795,115.94475,-31.871131,17/11/2020,1555.0,Fatal
24297241,10343696,115.83250100000001,-32.736379,21/11/2020,1948.0,Fatal
24297242,10343700,115.773752,-32.423502,22/11/2020,240.0,Fatal
24297243,10343704,115.47845500000001,-33.616733,20/11/2020,1540.0,Fatal
24297258,10343916,115.86584099999999,-32.639631,27/11/2020,125.0,Fatal
24297455,10364197,116.759051,-31.913965,18/12/2020,1005.0,Fatal
24297456,10364201,116.203346,-31.731512,18/12/2020,2045.0,Fatal
24297739,10364669,117.71047,-34.774851,22/12/2020,955.0,Fatal
24298248,10355966,115.9811,-31.704403999999997,13/12/2020,216.0,Fatal
24298249,10355970,125.27781399999999,-32.295877000000004,12/12/2020,807.0,Fatal
24298263,10356128,116.83126399999999,-30.026653999999997,16/12/2020,1415.0,Fatal
24299036,10347945,115.81578,-32.074539,4/12/2020,1919.0,Fatal
24299037,10347949,115.781953,-31.797653000000004,6/12/2020,938.0,Fatal
24299038,10347953,115.84114299999999,-33.579459,5/12/2020,2000.0,Fatal
24299049,10347997,113.656016,-24.888381,5/12/2020,1438.0,Fatal
24303013,9267989,116.72448100000001,-31.58405,13/04/2016,2000.0,Fatal
24303014,9267993,119.56536000000001,-33.716440999999996,17/04/2016,1236.0,Fatal
24303015,9268000,116.11546499999999,-34.633035,17/04/2016,1252.0,Fatal
24303016,9268007,117.35331399999998,-33.343393,15/04/2016,1741.0,Fatal
24303266,9268270,118.601097,-31.370803999999996,19/04/2016,2230.0,Fatal
24303550,9182500,117.650152,-33.863163,2/01/2016,1720.0,Fatal
24303551,9182529,117.32808600000001,-31.99788,4/01/2016,1547.0,Fatal
24303555,9208350,128.197447,-16.584364,14/01/2016,1845.0,Fatal
24303556,9208356,116.866824,-20.792925,14/01/2016,1535.0,Fatal
24303558,9208366,115.960563,-32.334363,9/01/2016,215.0,Fatal
24303560,9208377,116.840746,-34.995676,10/01/2016,1145.0,Fatal
24303561,9208381,115.85691299999999,-31.800832,8/01/2016,1830.0,Fatal
24303562,9208389,118.59926000000002,-20.926493,9/01/2016,1610.0,Fatal
24303565,9208585,117.72154099999999,-34.80121,18/01/2016,1729.0,Fatal
24303566,9209419,115.497426,-33.610632,20/01/2016,740.0,Fatal
24303568,9209433,116.09890700000001,-31.754639,24/01/2016,1953.0,Fatal
24303569,9209437,117.910402,-27.728465999999997,22/01/2016,230.0,Fatal
24303573,9222550,115.245107,-33.696025,27/01/2016,,Fatal
24303574,9222554,114.64421000000002,-28.41834,27/01/2016,624.0,Fatal
24303575,9222559,115.734202,-31.649943,29/01/2016,2119.0,Fatal
24303576,9222564,116.45979399999999,-31.536445,29/01/2016,1524.0,Fatal
24303578,9222669,116.71497099999999,-32.9072,3/02/2016,639.0,Fatal
24303579,9222675,117.59804199999999,-32.520270000000004,3/02/2016,2100.0,Fatal
24303580,9222833,115.81946699999999,-31.914071000000003,7/02/2016,1226.0,Fatal
24303583,9222849,116.981476,-31.608590000000003,6/02/2016,2030.0,Fatal
24303584,9222895,115.75835500000001,-31.904187,6/02/2016,2245.0,Fatal
24303586,9222955,116.21273400000001,-32.321453999999996,22/01/2016,935.0,Fatal
24303902,9229841,116.214339,-33.374179999999996,16/02/2016,1815.0,Fatal
24303903,9229847,116.805725,-30.018457,16/02/2016,1200.0,Fatal
24304608,9251532,117.798526,-28.680859,23/03/2016,2100.0,Fatal
24304609,9251538,121.526899,-31.361503999999996,19/03/2016,1045.0,Fatal
24304610,9251553,117.860169,-23.113079,15/03/2016,2107.0,Fatal
24304612,9251562,116.25821299999998,-31.781734000000004,28/03/2016,1210.0,Fatal
24304613,9251566,115.58496799999999,-31.316358,25/03/2016,1230.0,Fatal
24304614,9251572,117.405735,-32.177716,21/03/2016,1530.0,Fatal
24304616,9251585,116.00927,-32.172290000000004,24/03/2016,630.0,Fatal
24304640,9251889,115.74931699999999,-32.882867,12/03/2016,1515.0,Fatal
24304641,9251893,118.14881299999999,-31.880919,5/03/2016,2350.0,Fatal
24304642,9251900,117.569116,-34.437931,8/03/2016,1326.0,Fatal
24304643,9251904,115.81583799999999,-32.093491,10/02/2016,2343.0,Fatal
24305177,9252809,115.90022900000001,-31.901241,4/04/2016,1901.0,Fatal
24305179,9252833,115.70955,-32.543908,29/03/2016,945.0,Fatal
24305180,9252839,116.000262,-32.073793,29/03/2016,1500.0,Fatal
24305760,9253995,115.708556,-31.666767,8/04/2016,1710.0,Fatal
24307365,9237212,115.677765,-33.360831,3/03/2016,1705.0,Fatal
24307368,9237239,118.285845,-34.025451000000004,7/03/2016,800.0,Fatal
24307369,9237243,115.616423,-31.522844,6/03/2016,2100.0,Fatal
24307370,9237255,118.17648899999999,-32.452476000000004,6/03/2016,1130.0,Fatal
24307371,9237263,116.71208200000001,-31.533328000000004,6/03/2016,715.0,Fatal
24307372,9237267,117.92096299999999,-34.894193,20/02/2016,1326.0,Fatal
24307373,9237273,119.91766899999999,-33.0825,19/02/2016,2210.0,Fatal
24308217,9269162,116.44474199999999,-32.864931,20/04/2016,1556.0,Fatal
24308377,9288311,115.10908400000001,-33.970893,31/05/2016,850.0,Fatal
24308378,9288315,115.94936200000001,-31.517267999999998,5/05/2016,504.0,Fatal
24308379,9288321,121.563852,-31.460924,12/05/2016,1457.0,Fatal
24308380,9288329,115.83351699999999,-31.950553999999997,13/05/2016,653.0,Fatal
24308381,9288341,115.80563300000001,-32.226627,28/05/2016,1726.0,Fatal
24308382,9288347,116.03690700000001,-33.259896000000005,20/05/2016,1941.0,Fatal
24308383,9288351,116.046244,-31.060710999999998,18/05/2016,1950.0,Fatal
24308384,9288358,116.693716,-31.623155,10/05/2016,2230.0,Fatal
24308385,9288362,119.74264,-23.344168,27/04/2016,1810.0,Fatal
24308394,9288446,115.925168,-31.84856,31/05/2016,2208.0,Fatal
24308651,9288954,123.64546200000001,-17.3125,6/06/2016,1914.0,Fatal
24308652,9288960,115.839802,-31.900422,2/06/2016,1611.0,Fatal
24308659,9288999,115.79854099999999,-31.818723,1/06/2016,540.0,Fatal
24311454,9285058,115.93923000000001,-32.360279999999996,8/05/2016,1745.0,Fatal
24311455,9285064,117.737796,-31.128775,7/05/2016,1535.0,Fatal
24311456,9285068,118.25908100000001,-34.121887,1/05/2016,530.0,Fatal
24311457,9285073,118.004499,-33.933256,8/05/2016,2230.0,Fatal
24312077,9323855,115.72793,-33.358538,1/07/2016,1826.0,Fatal
24312078,9323859,116.206277,-31.886556,2/07/2016,2155.0,Fatal
24312079,9323863,116.366324,-31.515928000000002,3/07/2016,1550.0,Fatal
24312399,9324647,116.857557,-29.976829,6/07/2016,655.0,Fatal
24312679,9325182,116.328801,-31.828438000000002,9/07/2016,748.0,Fatal
24312680,9325191,115.91881299999999,-31.819264,6/07/2016,2158.0,Fatal
24312681,9325198,115.710443,-31.650111,7/07/2016,1433.0,Fatal
24312682,9325204,115.749381,-32.488498,8/07/2016,1454.0,Fatal
24312683,9325210,115.763857,-33.290397,8/07/2016,1908.0,Fatal
24312684,9325215,115.919031,-31.9851,8/07/2016,2300.0,Fatal
24312983,9325871,118.47808300000001,-28.044655,16/07/2016,2130.0,Fatal
24312984,9325877,128.756879,-15.79171,16/07/2016,1650.0,Fatal
24312986,9325891,116.01630300000001,-31.908852000000003,17/07/2016,2239.0,Fatal
24314739,9338379,114.14747,-27.844948,19/07/2016,1709.0,Fatal
24314740,9338387,117.63010600000001,-32.159338,20/07/2016,35.0,Fatal
24314794,9338777,117.87736799999999,-27.624329,22/07/2016,1030.0,Fatal
24315330,9339546,115.77593,-31.984999,29/07/2016,1800.0,Fatal
24315331,9339597,118.629704,-25.699057999999997,31/07/2016,2000.0,Fatal
24315705,9312602,115.810332,-32.287514,9/06/2016,1306.0,Fatal
24315707,9312610,117.058899,-33.469301,9/06/2016,1520.0,Fatal
24316036,9313523,115.87574,-33.129992,12/06/2016,1840.0,Fatal
24316037,9313527,115.79633999999999,-31.740589,10/06/2016,2110.0,Fatal
24316038,9313531,115.50258600000001,-33.714757,14/06/2016,807.0,Fatal
24316313,9313984,118.110175,-32.086448,18/06/2016,845.0,Fatal
24316314,9313988,117.2947,-32.710485,16/06/2016,1.0,Fatal
24316734,9369785,126.470047,-18.788846,26/08/2016,1345.0,Fatal
24318740,9365167,115.80413899999999,-31.833626000000002,17/09/2016,1931.0,Fatal
24318741,9365176,115.97301200000001,-31.890314,20/09/2016,1847.0,Fatal
24319417,9347843,115.72038400000001,-32.925512,7/08/2016,137.0,Fatal
24319418,9347847,115.780823,-32.261205,6/08/2016,1930.0,Fatal
24319995,9348921,115.68828700000002,-31.524278999999996,14/08/2016,1901.0,Fatal
24319996,9348930,115.83711699999999,-31.934903000000002,14/08/2016,1615.0,Fatal
24319997,9348937,116.11558000000001,-32.038646,14/08/2016,1354.0,Fatal
24320031,9349256,116.014983,-32.120146999999996,15/08/2016,1009.0,Fatal
24320329,9349776,116.371959,-33.26122,18/08/2016,2314.0,Fatal
24320330,9349780,115.97290500000001,-32.218968,17/08/2016,1209.0,Fatal
24320331,9349787,124.37218500000002,-32.405533,16/08/2016,1145.0,Fatal
24320351,9349903,115.71471399999999,-31.675065000000004,20/08/2016,1155.0,Fatal
24320609,9350205,115.866827,-31.917026,11/08/2016,1105.0,Fatal
24320610,9350211,115.72438899999999,-33.21895,24/08/2016,2255.0,Fatal
24322064,9389976,115.789158,-32.559327,12/10/2016,1048.0,Fatal
24322065,9389984,115.74479,-32.537464,9/10/2016,2131.0,Fatal
24322066,9389992,116.71776100000001,-31.436837,2/10/2016,330.0,Fatal
24322067,9389996,115.749536,-33.441894,1/10/2016,2330.0,Fatal
24322068,9390003,115.95335,-32.404371999999995,21/09/2016,1600.0,Fatal
24322069,9390007,116.06903899999999,-32.840905,24/09/2016,856.0,Fatal
24322070,9390011,117.45859899999999,-22.978271,2/10/2016,948.0,Fatal
24322071,9390019,126.44764199999999,-18.787217000000002,1/10/2016,1150.0,Fatal
24322072,9390298,117.12174399999999,-34.995514,5/11/2016,2220.0,Fatal
24322073,9390302,119.96276200000001,-22.62527,27/09/2016,2000.0,Fatal
24322074,9390307,114.899758,-29.125218,30/10/2016,1602.0,Fatal
24322075,9390311,115.75379,-33.306224,23/10/2016,1612.0,Fatal
24322076,9390316,116.812852,-33.073219,19/10/2016,1519.0,Fatal
24322080,9390333,115.75330100000001,-31.810596999999998,20/10/2016,1505.0,Fatal
24322082,9390344,115.789106,-32.124187,11/10/2016,1935.0,Fatal
24322083,9390354,116.690425,-31.569315999999997,7/10/2016,920.0,Fatal
24322084,9390359,115.779752,-32.063990000000004,15/10/2016,27.0,Fatal
24322085,9390363,115.820102,-31.769834999999997,20/10/2016,1817.0,Fatal
24322098,9390433,115.985824,-31.856237,25/10/2016,1835.0,Fatal
24322099,9390437,119.921393,-20.024448,22/10/2016,1155.0,Fatal
24322100,9390444,115.762773,-31.719317999999998,15/11/2016,1645.0,Fatal
24322101,9390450,115.731504,-33.318915000000004,11/11/2016,556.0,Fatal
24322102,9390456,117.70508000000001,-34.583949,20/11/2016,1250.0,Fatal
24322103,9390462,116.89494499999999,-33.667468,13/11/2016,1745.0,Fatal
24322104,9390468,116.048864,-32.430336,13/11/2016,1407.0,Fatal
24322105,9390474,115.866386,-31.936553999999997,12/11/2016,2145.0,Fatal
24322106,9390478,116.608323,-32.805795,3/11/2016,15.0,Fatal
24322108,9390491,116.001391,-32.033694,12/10/2016,2048.0,Fatal
24322117,9390552,114.623935,-28.787491999999997,19/11/2016,2200.0,Fatal
24322118,9390558,115.774097,-32.425554999999996,19/11/2016,2221.0,Fatal
24322119,9390566,115.828579,-31.869889,18/11/2016,10.0,Fatal
24322980,9392098,115.812104,-32.242426,27/11/2016,2055.0,Fatal
24322981,9392104,116.722935,-30.873611,25/11/2016,635.0,Fatal
24322998,9392248,115.97225800000001,-32.011274,24/11/2016,645.0,Fatal
24323291,9392976,117.710043,-34.773848,28/11/2016,1540.0,Fatal
24323593,9393642,114.62791999999999,-28.633872999999998,4/12/2016,333.0,Fatal
24327938,9430551,125.56832299999999,-18.173142000000002,6/12/2016,2100.0,Fatal
24327939,9430557,115.893375,-31.859953000000004,10/12/2016,1938.0,Fatal
24328193,9430918,119.36871799999999,-32.425169,9/12/2016,1525.0,Fatal
24328194,9430926,114.092026,-22.206281,10/12/2016,1520.0,Fatal
24328195,9430930,118.847204,-34.220102000000004,12/12/2016,1140.0,Fatal
24328458,9431421,121.476455,-30.774151,22/11/2016,20.0,Fatal
24328470,9431537,115.82133999999999,-34.005,14/12/2016,1430.0,Fatal
24328479,9431685,117.368875,-32.94685,12/12/2016,500.0,Fatal
24328486,9431722,118.20796399999999,-31.991519,14/12/2016,1015.0,Fatal
24328487,9431727,115.64778600000001,-32.634797999999996,15/12/2016,2231.0,Fatal
24328754,9432289,115.82611100000001,-31.889067999999998,17/12/2016,520.0,Fatal
24329064,9433171,116.065928,-33.779351,21/12/2016,1619.0,Fatal
24330239,9435594,115.75375600000001,-31.754873,3/01/2017,1521.0,Fatal
24330240,9435608,115.898381,-32.062405,1/01/2017,1630.0,Fatal
24330242,9435630,115.787324,-31.836899,1/01/2017,1714.0,Fatal
24330243,9435641,116.14871299999999,-33.083067,2/01/2017,1827.0,Fatal
24330245,9435651,115.864852,-32.169123,28/12/2016,1930.0,Fatal
24330246,9435657,115.581574,-33.493041,24/12/2016,110.0,Fatal
24330247,9435661,124.01445700000001,-32.446788,23/12/2016,450.0,Fatal
24330248,9435666,115.983399,-32.639215,26/12/2016,1529.0,Fatal
24330692,9495112,121.45631399999999,-30.750208,23/03/2017,1428.0,Fatal
24330693,9495120,115.367174,-33.645278000000005,22/03/2017,945.0,Fatal
24330694,9495128,116.24789399999999,-32.37551,21/03/2017,800.0,Fatal
24331217,9486491,117.70784599999999,-34.764432,10/02/2017,930.0,Fatal
24331218,9486496,116.31216200000001,-32.444171000000004,6/03/2017,1100.0,Fatal
24331219,9486500,115.934473,-31.473253000000003,5/03/2017,1443.0,Fatal
24331220,9486507,115.062211,-33.559591999999995,7/03/2017,1715.0,Fatal
24331574,9457278,115.835574,-31.883347999999998,8/01/2017,1023.0,Fatal
24331852,9457869,116.064128,-33.271027000000004,14/07/2016,1548.0,Fatal
24331853,9457920,115.692349,-31.309690999999997,13/09/2016,2220.0,Fatal
24331854,9457925,116.32612900000001,-31.828681,12/09/2016,22.0,Fatal
24331855,9457930,119.96231399999999,-22.626913000000002,31/08/2016,2241.0,Fatal
24331856,9457934,115.733628,-31.7661,1/09/2016,1545.0,Fatal
24331857,9457938,115.75161999999999,-31.640643,5/09/2016,1635.0,Fatal
24331858,9457944,116.048235,-32.12516,2/09/2016,1540.0,Fatal
24331859,9457952,115.85886399999998,-31.807526,10/09/2016,1458.0,Fatal
24332134,9458587,115.99073500000002,-33.790301,13/01/2017,1730.0,Fatal
24332188,9458940,115.82828500000001,-31.892773,23/12/2016,1730.0,Fatal
24332200,9459019,115.85958799999999,-31.950363,16/01/2017,120.0,Fatal
24332437,9459157,115.798057,-31.634895,18/01/2017,515.0,Fatal
24332957,9490328,118.633541,-31.273018,9/03/2017,200.0,Fatal
24332958,9490332,115.78136699999999,-31.983119,9/03/2017,2020.0,Fatal
24332962,9490367,115.440822,-29.190176,14/03/2017,1939.0,Fatal
24333015,9460441,123.64690700000001,-17.309260000000002,24/01/2017,1248.0,Fatal
24333016,9460447,115.79128,-32.074725,23/01/2017,1143.0,Fatal
24333017,9460455,114.624693,-28.768328000000004,24/01/2017,1958.0,Fatal
24333018,9460462,116.21419099999999,-32.162251,29/01/2017,1211.0,Fatal
24333031,9460551,115.259662,-33.661241,28/01/2017,133.0,Fatal
24334300,9473407,119.17661499999998,-33.858583,22/12/2016,1300.0,Fatal
24334301,9473411,115.98008700000001,-33.773808,10/02/2017,1645.0,Fatal
24334302,9473418,118.24118600000001,-31.491372,11/02/2017,1535.0,Fatal
24334303,9473422,115.839299,-31.801221,10/02/2017,1815.0,Fatal
24334309,9473488,116.014536,-32.266926,3/02/2017,1555.0,Fatal
24334558,9473797,114.85486200000001,-28.449399,19/02/2017,521.0,Fatal
24334559,9473801,115.552784,-33.55257,18/02/2017,1645.0,Fatal
24335360,9505089,116.01137299999999,-32.172725,3/04/2017,1730.0,Fatal
24335361,9505093,115.698269,-29.007038,2/04/2017,430.0,Fatal
24335362,9505097,115.95971599999999,-31.979754999999997,1/04/2017,2205.0,Fatal
24335366,9505123,115.212115,-30.789317999999998,31/03/2017,1240.0,Fatal
24335367,9505127,115.798829,-31.987187,1/04/2017,2006.0,Fatal
24335373,9505265,115.947203,-32.115076,7/04/2017,250.0,Fatal
24335374,9505269,116.028925,-33.986915,8/04/2017,1200.0,Fatal
24335375,9505273,115.008311,-29.309742,8/04/2017,620.0,Fatal
24335645,9505863,115.96189,-32.160315000000004,11/04/2017,616.0,Fatal
24335646,9505871,115.776178,-31.708725,10/04/2017,1850.0,Fatal
24335928,9506456,116.15011000000001,-33.3652,14/04/2017,4.0,Fatal
24335946,9506662,115.63883500000001,-30.562699,19/04/2017,2100.0,Fatal
24335947,9506666,116.04796100000002,-31.956035999999997,20/04/2017,1400.0,Fatal
24335949,9506683,115.66817900000001,-33.357251,18/04/2017,1450.0,Fatal
24335950,9506756,115.924026,-31.351443,29/04/2017,2019.0,Fatal
24335951,9506761,115.87180900000001,-31.897136,28/04/2017,1403.0,Fatal
24335954,9506783,117.052748,-34.964344,24/04/2017,1025.0,Fatal
24335955,9506787,115.816671,-32.571643,21/04/2017,1729.0,Fatal
24336957,9530227,116.153072,-31.71469,7/05/2017,1055.0,Fatal
24336964,9530711,118.72321000000001,-31.376715,12/05/2017,1100.0,Fatal
24337316,9532148,115.91366200000002,-31.967249,23/05/2017,14.0,Fatal
24337548,9532308,125.143198,-27.053216,25/05/2017,1230.0,Fatal
24339432,9503897,115.80559099999999,-31.978783,13/03/2017,1515.0,Fatal
24339433,9503902,116.136872,-31.899621999999997,24/03/2017,1102.0,Fatal
24339712,9504483,116.02853,-30.544277,30/03/2017,1740.0,Fatal
24339713,9504487,116.024556,-31.528589,29/03/2017,1440.0,Fatal
24340591,9549563,115.78243700000002,-32.198799,24/06/2017,808.0,Fatal
24340894,9550209,115.861414,-31.874235,2/07/2017,1715.0,Fatal
24340895,9550215,116.48276899999999,-32.257766,30/06/2017,1820.0,Fatal
24340896,9550222,117.71603700000001,-34.983268,29/06/2017,700.0,Fatal
24340897,9550226,118.826669,-21.701916,30/06/2017,1500.0,Fatal
24341181,9550757,116.592347,-31.722639,5/07/2017,1315.0,Fatal
24341184,9550772,114.975191,-28.708893,3/07/2017,2114.0,Fatal
24341208,9550968,115.87808500000001,-32.112559000000005,10/07/2017,1620.0,Fatal
24343166,9544207,117.046899,-32.473675,29/05/2017,730.0,Fatal
24343167,9544212,114.878096,-29.084590000000002,29/05/2017,1900.0,Fatal
24343450,9544977,122.280077,-17.666102,1/06/2017,1345.0,Fatal
24343501,9545655,115.461335,-31.212427,5/06/2017,1245.0,Fatal
24343780,9546242,115.81158500000001,-31.887263,2/06/2017,1717.0,Fatal
24344055,9546794,115.90501299999998,-31.882295000000003,9/06/2017,,Fatal
24344056,9546800,116.811152,-33.767145,8/06/2017,2120.0,Fatal
24344567,9614047,115.71409799999999,-33.204848999999996,13/09/2017,1340.0,Fatal
24344605,9614349,114.641406,-28.83853,14/09/2017,530.0,Fatal
24344608,9614364,115.75437,-33.428529,17/09/2017,609.0,Fatal
24344832,9614408,115.866041,-31.890093,18/09/2017,1950.0,Fatal
24344833,9614414,115.899868,-32.123719,18/09/2017,1549.0,Fatal
24344834,9614424,115.91386100000001,-31.855593,18/09/2017,1817.0,Fatal
24344882,9614857,115.757478,-32.270831,20/09/2017,1715.0,Fatal
24344883,9614861,115.90908799999998,-31.918839000000002,20/09/2017,1330.0,Fatal
24345051,9596320,115.763795,-32.529817,27/07/2017,1750.0,Fatal
24345169,9577786,115.62544299999999,-31.532808000000003,16/07/2017,2050.0,Fatal
24345190,9577956,121.48631999999999,-30.780621000000004,11/07/2017,900.0,Fatal
24345331,9596880,115.461795,-31.213240000000003,17/08/2017,715.0,Fatal
24345332,9596887,118.05140800000001,-34.932673,17/08/2017,1608.0,Fatal
24345870,9597813,117.093763,-33.100456,23/08/2017,1025.0,Fatal
24345871,9597817,115.800026,-32.043714,24/08/2017,1640.0,Fatal
24346046,9579915,118.559656,-31.745621999999997,26/07/2017,2315.0,Fatal
24346066,9580101,121.585812,-31.500559999999997,11/01/2017,1830.0,Fatal
24346067,9580107,115.76253200000001,-32.341963,28/07/2017,1550.0,Fatal
24346068,9580111,115.88949,-31.912368,30/07/2017,855.0,Fatal
24346069,9580117,115.74751599999999,-33.251488,29/07/2017,1925.0,Fatal
24346190,9598524,115.800785,-31.882438,2/09/2017,1454.0,Fatal
24346191,9598528,124.56229499999999,-17.847744,1/09/2017,1930.0,Fatal
24346195,9598552,115.84034399999999,-31.834513,2/09/2017,1223.0,Fatal
24346328,9580417,115.956051,-31.902055999999998,13/06/2017,1635.0,Fatal
24346329,9580423,115.83062,-32.751165,18/06/2017,823.0,Fatal
24346357,9580643,115.902432,-32.064002,1/08/2017,710.0,Fatal
24346360,9580702,114.99808,-29.847252,2/08/2017,1325.0,Fatal
24346624,9581142,122.25496799999999,-17.89866,4/08/2017,2040.0,Fatal
24346627,9581170,115.77815600000001,-32.375953,4/08/2017,1134.0,Fatal
24346656,9581372,115.81721399999999,-32.068597,8/08/2017,1255.0,Fatal
24348906,9613771,115.75378899999998,-32.018901,8/09/2017,1607.0,Fatal
24349078,9641594,116.17158700000002,-32.273097,31/10/2017,1642.0,Fatal
24349728,9615212,115.610303,-33.47718,22/09/2017,1529.0,Fatal
24351533,9627841,116.023068,-31.894209999999998,2/10/2017,848.0,Fatal
24352426,9629717,115.75676399999999,-32.395563,6/10/2017,1945.0,Fatal
24352427,9629724,115.728898,-31.719424,8/10/2017,1010.0,Fatal
24352428,9629730,115.872961,-32.129806,6/10/2017,2212.0,Fatal
24352436,9629777,116.21099,-31.012725,9/10/2017,1155.0,Fatal
24352439,9629794,115.951603,-34.013739,10/10/2017,1700.0,Fatal
24352440,9629798,116.14299799999999,-33.369816,9/10/2017,1252.0,Fatal
24352443,9629816,114.61653100000001,-28.77845,12/10/2017,1136.0,Fatal
24353082,9640421,121.80736599999999,-32.150502,24/10/2017,800.0,Fatal
24353121,9640705,119.010129,-23.102635999999997,26/10/2017,2347.0,Fatal
24353411,9641274,118.15425900000001,-33.541426,28/10/2017,35.0,Fatal
24354926,9653760,117.91833999999999,-34.951454999999996,5/11/2017,819.0,Fatal
24354927,9653765,116.457295,-31.51858,7/11/2017,315.0,Fatal
24354930,9653789,115.97033700000001,-33.762029,6/11/2017,1309.0,Fatal
24354969,9654117,127.700515,-18.683061,15/11/2017,730.0,Fatal
24355507,9654838,127.68618400000001,-18.239373,18/11/2017,2349.0,Fatal
24355508,9654844,116.212507,-29.399883000000003,18/11/2017,137.0,Fatal
24355509,9654849,115.852189,-32.046246999999994,16/11/2017,15.0,Fatal
24355510,9654855,115.848781,-31.953574,18/11/2017,531.0,Fatal
24355805,9655379,115.148348,-34.077609,25/11/2017,610.0,Fatal
24355806,9655383,115.97893899999998,-32.539432,24/11/2017,404.0,Fatal
24355812,9655448,121.481485,-30.781865999999997,4/12/2017,1950.0,Fatal
24355813,9655455,115.994656,-31.832233000000002,4/12/2017,820.0,Fatal
24355956,9674544,113.873993,-23.111576,20/12/2017,1530.0,Fatal
24355957,9674548,120.13981000000001,-19.976727,20/12/2017,1708.0,Fatal
24355962,9674571,115.67453,-33.350823,15/12/2017,539.0,Fatal
24355966,9674597,117.86436200000001,-35.004379,21/12/2017,1339.0,Fatal
24356251,9675119,116.87208899999999,-32.401043,25/12/2017,506.0,Fatal
24356252,9675125,115.782541,-31.807561,26/12/2017,1525.0,Fatal
24356548,9675699,115.979501,-31.752240999999998,29/12/2017,2000.0,Fatal
24356549,9675703,115.97322199999999,-32.242338000000004,29/12/2017,2240.0,Fatal
24356550,9675709,115.84835600000001,-32.123424,5/12/2017,1627.0,Fatal
24356769,9666927,115.861723,-32.001081,5/12/2017,2012.0,Fatal
24356770,9666933,116.415098,-31.52614,7/12/2017,1400.0,Fatal
24356843,9676275,117.05473899999998,-31.934908,13/10/2017,720.0,Fatal
24356844,9676279,122.337144,-17.600299,14/10/2017,1322.0,Fatal
24356846,9676293,115.70768400000001,-31.565909,2/01/2018,530.0,Fatal
24356847,9676297,115.71843,-33.167928,5/01/2018,626.0,Fatal
24357041,9667363,115.835194,-31.896590999999997,10/12/2017,1709.0,Fatal
24357042,9667368,116.054258,-31.971853999999997,8/12/2017,1150.0,Fatal
24357110,9676593,114.915365,-29.173856,10/01/2018,1214.0,Fatal
24357111,9676602,115.857621,-32.124325,11/01/2018,1341.0,Fatal
24357115,9676631,115.828538,-32.108526,9/01/2018,1616.0,Fatal
24357332,9667886,115.76082199999999,-33.328221,14/12/2017,2115.0,Fatal
24357333,9667893,119.96314699999999,-33.501407,13/12/2017,340.0,Fatal
24357334,9667898,116.05768,-31.972129,12/12/2017,1620.0,Fatal
24357335,9667909,116.101603,-33.899002,13/12/2017,1520.0,Fatal
24357336,9667917,116.08492199999999,-31.316986,16/12/2017,1127.0,Fatal
24358208,9707432,116.12818500000002,-31.899859999999997,8/02/2018,1754.0,Fatal
24358306,9717635,115.825322,-32.123748,23/02/2018,2128.0,Fatal
24358312,9717721,115.810142,-33.264049,27/02/2018,1630.0,Fatal
24358736,9699018,116.95662800000001,-20.765383,20/01/2018,600.0,Fatal
24359384,9710245,115.749696,-31.765943,11/02/2018,335.0,Fatal
24359385,9710255,116.079004,-30.618403999999998,9/02/2018,25.0,Fatal
24360088,9721671,115.870989,-31.896588,25/01/2018,1717.0,Fatal
24360092,9721698,115.863446,-31.957034999999998,2/03/2018,1850.0,Fatal
24360094,9721710,115.90653300000001,-32.080529,2/03/2018,2112.0,Fatal
24360095,9721718,115.877948,-33.465361,2/03/2018,2215.0,Fatal
24360817,9703481,115.109524,-33.835654,28/01/2018,1640.0,Fatal
24360821,9703540,115.83538899999999,-33.266264,30/01/2018,625.0,Fatal
24360869,9713608,115.77028600000001,-31.685559,20/02/2018,646.0,Fatal
24360888,9713748,116.20333799999999,-34.217059000000006,21/02/2018,1537.0,Fatal
24361172,9714141,115.71613,-33.278754,25/02/2018,1220.0,Fatal
24361355,9704229,117.62359599999999,-33.999959999999994,3/02/2018,1037.0,Fatal
24362562,9707205,115.788703,-32.127313,3/02/2018,1940.0,Fatal
24363917,9738662,116.676891,-32.876355,2/04/2018,1200.0,Fatal
24363918,9738672,117.983341,-31.506932,28/03/2018,1245.0,Fatal
24364087,9757937,116.762157,-30.988829,27/04/2018,1947.0,Fatal
24364088,9757941,115.63943799999998,-31.300734000000002,29/04/2018,1128.0,Fatal
24364089,9757945,118.4704,-32.999615000000006,28/04/2018,544.0,Fatal
24364098,9758024,117.32992800000001,-32.001114,1/05/2018,2054.0,Fatal
24364110,9758109,115.95512099999999,-31.995632,3/05/2018,1524.0,Fatal
24364111,9758115,116.37897199999999,-31.799365,5/05/2018,250.0,Fatal
24364112,9758119,115.822328,-33.588444,1/05/2018,2100.0,Fatal
24364115,9758136,121.471543,-30.776333,6/05/2018,1512.0,Fatal
24364149,9729938,116.036521,-34.357046000000004,9/03/2018,1305.0,Fatal
24364155,9729969,115.86148600000001,-31.945615999999998,18/03/2018,330.0,Fatal
24364156,9729975,115.083917,-33.636140999999995,18/03/2018,2247.0,Fatal
24364157,9729979,116.20578,-30.994406,14/03/2018,1540.0,Fatal
24364158,9729986,115.81016799999999,-33.999637,10/03/2018,1400.0,Fatal
24364159,9729993,115.749587,-32.048082,19/03/2018,1202.0,Fatal
24364199,9739073,116.06223899999999,-31.981334999999998,1/04/2018,1133.0,Fatal
24364230,9739300,116.09641200000002,-32.769659999999995,8/04/2018,2215.0,Fatal
24364405,9758659,116.367571,-31.786272999999998,9/05/2018,1511.0,Fatal
24364637,9758766,115.78463,-31.8029,8/05/2018,845.0,Fatal
24364730,9730921,115.704375,-32.295482,24/03/2018,1725.0,Fatal
24364731,9730927,116.00938300000001,-32.079226,23/03/2018,623.0,Fatal
24364732,9730933,115.850261,-32.231193,24/03/2018,456.0,Fatal
24364754,9731068,115.906279,-32.140413,22/03/2018,1534.0,Fatal
24366578,9743983,115.930838,-32.060179,11/04/2018,1607.0,Fatal
24366579,9743989,115.80942399999999,-32.046913,10/04/2018,1837.0,Fatal
24366581,9744013,128.47403500000001,-31.782394,12/04/2018,1323.0,Fatal
24366588,9744083,115.85518,-32.118088,13/04/2018,1806.0,Fatal
24366592,9744128,116.18276599999999,-28.416724,16/04/2018,1100.0,Fatal
24366596,9744159,115.463421,-30.588644,18/04/2018,1128.0,Fatal
24366597,9744167,115.906373,-32.140456,19/04/2018,1720.0,Fatal
24366653,9753664,116.47251000000001,-32.805403000000005,25/04/2018,10.0,Fatal
24366654,9753669,116.16552,-31.951705,25/04/2018,1530.0,Fatal
24366862,9744501,118.039745,-20.861175,22/04/2018,1030.0,Fatal
24366863,9744508,115.826884,-32.325689000000004,20/04/2018,2349.0,Fatal
24366867,9744528,115.786068,-32.083088000000004,20/04/2018,1621.0,Fatal
24367443,9782335,115.80416799999999,-31.940797999999997,13/06/2018,1126.0,Fatal
24367444,9782336,115.828353,-31.878249,13/06/2018,600.0,Fatal
24367446,9782339,115.73325700000001,-33.503546,13/06/2018,730.0,Fatal
24367722,9774120,115.772457,-32.068277,27/05/2018,1056.0,Fatal
24367723,9774121,115.8071,-30.791272999999997,25/05/2018,940.0,Fatal
24368015,9774281,116.24819199999999,-32.375884,6/05/2018,815.0,Fatal
24368016,9774282,123.637977,-17.308173999999998,31/05/2018,1640.0,Fatal
24368019,9774339,115.720583,-33.135597,3/06/2018,1137.0,Fatal
24368467,9766182,115.714402,-33.278989,16/05/2018,2029.0,Fatal
24369205,9786086,117.210503,-31.404964,17/06/2018,1022.0,Fatal
24369348,9796110,118.051891,-34.857449,4/07/2018,514.0,Fatal
24369536,9787175,116.731326,-31.676699,11/06/2018,1030.0,Fatal
24369538,9787285,114.70923700000002,-28.838052,23/06/2018,315.0,Fatal
24371624,9801016,115.79848700000001,-32.366655,7/07/2018,913.0,Fatal
24371783,9782114,115.743187,-32.320446000000004,10/06/2018,124.0,Fatal
24371784,9782115,115.87125900000001,-31.890478,9/06/2018,135.0,Fatal
24371858,9791540,117.55769699999999,-33.686556,29/01/2018,250.0,Fatal
24371862,9792012,115.87425900000001,-33.291984,29/06/2018,1242.0,Fatal
24371863,9792013,128.743772,-15.777320000000001,30/06/2018,120.0,Fatal
24371926,9801284,122.246857,-17.91546,10/07/2018,1000.0,Fatal
24371931,9801545,115.867828,-31.901803,12/07/2018,240.0,Fatal
24371932,9801612,115.76086299999999,-31.69221,12/07/2018,843.0,Fatal
24372769,9832005,115.90449,-31.960161,24/08/2018,259.0,Fatal
24373069,9832611,119.00633899999998,-25.881312,2/09/2018,1948.0,Fatal
24373238,9823519,121.87123999999999,-33.802814,11/08/2018,130.0,Fatal
24373292,9823965,117.82866399999999,-33.233856,19/08/2018,1233.0,Fatal
24373703,9805379,115.917727,-33.631427,17/07/2018,400.0,Fatal
24373712,9805853,115.85456299999998,-32.579538,22/07/2018,438.0,Fatal
24373740,9815135,116.15375300000001,-31.976672999999998,30/07/2018,1235.0,Fatal
24373741,9815139,121.69637900000001,-32.449567,30/07/2018,1810.0,Fatal
24373745,9815164,116.03343000000001,-31.887388,31/07/2018,1823.0,Fatal
24373750,9815337,127.214026,-15.94564,3/08/2018,2339.0,Fatal
24373752,9815345,116.01100100000001,-31.961015999999997,4/08/2018,745.0,Fatal
24373753,9815349,116.03886299999999,-31.657931,4/08/2018,10.0,Fatal
24373756,9815365,114.87263300000001,-29.073381,2/08/2018,1450.0,Fatal
24375107,9836459,115.900291,-32.219781,3/09/2018,1634.0,Fatal
24375108,9836463,118.09878700000002,-32.456732,3/09/2018,702.0,Fatal
24375109,9836521,116.3093,-31.651883,4/09/2018,1415.0,Fatal
24375111,9836595,116.16356599999999,-31.965582,5/09/2018,1527.0,Fatal
24375112,9836599,116.00063999999999,-31.807607,13/08/2018,1350.0,Fatal
24375115,9836633,117.74474,-31.630916,6/09/2018,2315.0,Fatal
24375116,9836649,117.95091599999999,-34.942535,8/09/2018,1600.0,Fatal
24375579,9828079,117.58883700000001,-32.370939,19/08/2018,2340.0,Fatal
24375817,9819686,115.889576,-32.291802000000004,8/08/2018,556.0,Fatal
24376022,9810645,115.246508,-33.716767,25/07/2018,1456.0,Fatal
24376838,9876623,116.80287,-31.808086,23/11/2018,1545.0,Fatal
24376839,9876627,123.027872,-16.434873,24/11/2018,500.0,Fatal
24376840,9876631,115.57231599999999,-33.518843,25/11/2018,632.0,Fatal
24376841,9876635,116.616949,-31.670988,25/11/2018,1101.0,Fatal
24376981,9858661,114.65375300000001,-27.394028000000002,4/10/2018,1530.0,Fatal
24377052,9867980,116.104743,-33.043652,24/10/2018,1140.0,Fatal
24377055,9868017,116.41841200000002,-32.552724,27/10/2018,2240.0,Fatal
24377056,9868021,116.10430500000001,-32.035475,27/10/2018,1035.0,Fatal
24377131,9877063,115.86596899999999,-31.866246000000004,26/11/2018,204.0,Fatal
24377143,9877953,115.88098799999999,-28.802259999999997,28/11/2018,600.0,Fatal
24377149,9878194,116.537866,-31.495601,29/11/2018,632.0,Fatal
24377274,9859113,116.65648600000002,-31.564566999999997,9/10/2018,2300.0,Fatal
24377277,9859300,117.62990400000001,-34.487969,13/10/2018,1930.0,Fatal
24377278,9859304,117.61843200000001,-33.785393,13/10/2018,420.0,Fatal
24377537,9850395,115.263176,-29.817724,16/09/2018,1020.0,Fatal
24377827,9850976,115.79931200000001,-32.233329,28/09/2018,545.0,Fatal
24377831,9851103,115.766861,-32.332113,29/09/2018,2116.0,Fatal
24378009,9841723,119.219753,-20.664269,14/09/2018,2115.0,Fatal
24378321,9842410,115.44455900000001,-33.642728999999996,23/09/2018,2022.0,Fatal
24378322,9842414,128.26748600000002,-15.722101,22/09/2018,300.0,Fatal
24378323,9842419,114.307203,-23.394941,22/09/2018,1213.0,Fatal
24379106,9872001,115.922925,-31.969513,31/10/2018,1049.0,Fatal
24379107,9872011,116.678712,-32.364463,1/11/2018,1355.0,Fatal
24379108,9872063,117.238703,-34.914575,3/11/2018,830.0,Fatal
24379109,9872067,116.15156100000002,-31.90557,4/11/2018,1053.0,Fatal
24380883,9875781,115.815303,-33.306101,6/11/2018,837.0,Fatal
24380887,9875804,115.902498,-32.803942,8/11/2018,1600.0,Fatal
24380893,9875840,115.81448200000001,-32.54442,11/11/2018,8.0,Fatal
24380894,9875844,116.10653500000001,-32.191094,10/11/2018,1514.0,Fatal
24381887,9897598,116.18869,-32.147799,13/12/2018,620.0,Fatal
24381890,9897715,115.783399,-31.915596,16/12/2018,1350.0,Fatal
24382055,9878743,115.84111200000001,-33.246293,4/12/2018,2305.0,Fatal
24382058,9878896,115.38174199999999,-31.026375,9/12/2018,1518.0,Fatal
24382059,9878900,115.908751,-33.066167,9/12/2018,1720.0,Fatal
24383622,9901120,115.628114,-32.689948,18/12/2018,1230.0,Fatal
24383624,9901345,115.762298,-31.89545,22/12/2018,2001.0,Fatal
24383625,9901349,115.89673300000001,-32.792848,21/12/2018,2140.0,Fatal
24383626,9901353,115.521149,-30.726985,22/12/2018,902.0,Fatal
24383629,9901438,115.751677,-31.752707,26/12/2018,1231.0,Fatal
24383630,9901442,121.21773799999998,-33.754231,27/12/2018,1200.0,Fatal
24383633,9901507,115.91163999999999,-32.019713,29/12/2018,1558.0,Fatal
24383634,9901653,121.481595,-30.742390999999998,27/12/2018,240.0,Fatal
24383635,9901842,114.667782,-28.708133,5/01/2019,340.0,Fatal
24384611,9913457,115.849567,-32.933937,8/01/2019,1548.0,Fatal
24386037,9957588,117.70313300000001,-35.006712,28/03/2019,1833.0,Fatal
24386038,9957637,116.781399,-31.634998,29/03/2019,323.0,Fatal
24386417,9927340,115.97071000000001,-31.991181,26/01/2019,1830.0,Fatal
24386418,9927344,128.66429499999998,-19.883917999999998,25/01/2019,200.0,Fatal
24386419,9927352,122.16958799999999,-33.736482,27/01/2019,1948.0,Fatal
24386420,9927384,116.084751,-32.43249,29/01/2019,1029.0,Fatal
24386421,9927388,115.733151,-32.055842999999996,28/01/2019,1915.0,Fatal
24386422,9927449,115.75757,-31.742887,1/02/2019,252.0,Fatal
24386423,9927493,115.76948700000001,-33.06333,23/01/2019,545.0,Fatal
24386424,9927497,116.08087900000001,-32.839316,21/01/2019,1111.0,Fatal
24386425,9927501,114.660486,-28.863213000000002,18/01/2019,800.0,Fatal
24386426,9927505,116.62716599999999,-31.6636,18/01/2019,1627.0,Fatal
24386472,9938359,119.429837,-31.050116,12/02/2019,1120.0,Fatal
24386477,9938466,115.852686,-31.950189,19/02/2019,1304.0,Fatal
24386479,9938605,115.879079,-32.559652,23/02/2019,1515.0,Fatal
24386480,9938609,115.36453600000002,-33.749479,22/02/2019,1042.0,Fatal
24386481,9938613,118.31816,-20.692229,21/02/2019,1127.0,Fatal
24386485,9938709,115.74479,-32.537464,28/02/2019,1043.0,Fatal
24386486,9938713,116.060341,-33.435209,28/02/2019,2249.0,Fatal
24386834,9949398,116.01363500000001,-32.116822,7/03/2019,1038.0,Fatal
24386835,9949580,117.83944,-22.923143,29/01/2019,2030.0,Fatal
24386909,9918261,116.01510400000001,-32.114342,12/01/2019,726.0,Fatal
24386910,9918265,115.451125,-33.63893,11/01/2019,1315.0,Fatal
24386911,9918269,116.167026,-31.902033000000003,10/01/2019,903.0,Fatal
24386912,9918368,118.724433,-22.311481,14/01/2019,947.0,Fatal
24386968,9928446,121.477999,-30.742328000000004,6/02/2019,2151.0,Fatal
24386972,9928575,115.652957,-31.573415999999998,8/02/2019,1030.0,Fatal
24388588,9953330,114.78294199999999,-28.974193,17/03/2019,1457.0,Fatal
24388590,9953338,115.70955,-32.543908,16/03/2019,2030.0,Fatal
24388596,9953467,115.864645,-32.581152,24/03/2019,1715.0,Fatal
24388597,9953471,116.485752,-31.22875,22/03/2019,1721.0,Fatal
24388600,9953527,117.60699,-34.736181,6/02/2019,1539.0,Fatal
24388709,9922448,121.488752,-30.784325,15/01/2019,2115.0,Fatal
24388864,9953895,116.15314,-34.399333,9/02/2019,150.0,Fatal
24389717,9946133,115.977268,-32.347986999999996,3/03/2019,1758.0,Fatal
24389718,9946141,115.62576399999999,-31.533376,5/03/2019,2210.0,Fatal
24389873,9935486,115.927927,-31.997659000000002,14/02/2019,25.0,Fatal
24389879,9935558,115.95260800000001,-32.295835,4/01/2019,1229.0,Fatal
24390876,9987848,115.739129,-33.290238,3/05/2019,1849.0,Fatal
24391387,9978767,115.92040300000001,-32.840746,24/04/2019,1553.0,Fatal
24391388,9979019,115.820074,-31.902103000000004,28/04/2019,5.0,Fatal
24391389,9979023,115.92572,-33.584297,27/04/2019,1135.0,Fatal
24391390,9979027,117.39741000000001,-34.700384,26/04/2019,1541.0,Fatal
24391391,9979039,116.015745,-31.941381,29/04/2019,55.0,Fatal
24391867,9969568,115.956779,-32.147599,15/04/2019,1310.0,Fatal
24392913,9992047,121.86615,-31.525661,8/05/2019,600.0,Fatal
24393181,9992771,127.64962,-19.378812,18/05/2019,1100.0,Fatal
24393182,9992775,116.044925,-31.037137,17/05/2019,1320.0,Fatal
24393183,9992779,123.732424,-17.50061,16/05/2019,1755.0,Fatal
24393184,9992783,115.89446699999999,-31.953879999999998,16/05/2019,2117.0,Fatal
24393366,9973364,116.10428700000001,-33.240162,20/04/2019,1041.0,Fatal
24393367,9973368,116.022605,-32.127939000000005,19/04/2019,2045.0,Fatal
24393709,9984026,115.88121799999999,-32.728182000000004,2/05/2019,1601.0,Fatal
24393710,9984030,116.775915,-32.404488,2/05/2019,29.0,Fatal
24394467,9965880,115.869628,-31.939421999999997,7/04/2019,1616.0,Fatal
24394471,9966008,119.422526,-31.429858000000003,10/04/2019,302.0,Fatal
24394477,9966152,117.842821,-34.534583000000005,12/04/2019,1620.0,Fatal
24394478,9966156,118.533403,-34.351006,13/04/2019,45.0,Fatal
24394479,9966160,116.122468,-31.822043,14/04/2019,118.0,Fatal
24394480,9966164,117.47503300000001,-34.227451,14/04/2019,2013.0,Fatal
24394481,9966168,115.86006499999999,-32.137465,14/04/2019,432.0,Fatal
24394744,9966497,115.85523700000002,-31.853897999999997,31/03/2019,140.0,Fatal
24395239,10038308,121.61056299999998,-29.285494,11/07/2019,1707.0,Fatal
24395240,10038312,118.50114599999999,-32.75656,16/07/2019,847.0,Fatal
24395241,10038316,121.47038300000001,-30.767017,14/07/2019,445.0,Fatal
24395242,10038320,115.87635700000001,-32.967504999999996,15/07/2019,1456.0,Fatal
24395516,10029110,117.906332,-32.357081,9/07/2019,2344.0,Fatal
24395517,10029114,116.015576,-32.051404999999995,6/07/2019,400.0,Fatal
24395518,10029118,115.90548600000001,-32.896887,9/07/2019,630.0,Fatal
24395732,10019006,115.98285,-31.795644,13/06/2019,643.0,Fatal
24395733,10019010,118.716654,-21.369892999999998,12/06/2019,2215.0,Fatal
24395734,10019014,115.938681,-28.462598,15/06/2019,503.0,Fatal
24395735,10019018,116.232386,-31.890701,12/06/2019,2304.0,Fatal
24395736,10019022,116.323559,-31.858878000000004,19/06/2019,30.0,Fatal
24396253,10009861,116.129949,-33.937891,10/06/2019,1510.0,Fatal
24396254,10009865,117.562725,-33.845974,6/06/2019,620.0,Fatal
24396255,10009869,117.086377,-31.618774,7/06/2019,644.0,Fatal
24396256,10009873,123.67537800000001,-17.323902,8/06/2019,120.0,Fatal
24396257,10009877,115.77085500000001,-32.276952,8/06/2019,1200.0,Fatal
24396259,10009967,115.81410100000001,-31.967243,10/06/2019,1037.0,Fatal
24396262,10010007,128.85628400000002,-24.852953,11/06/2019,928.0,Fatal
24396263,10010011,128.111,-25.138862,10/06/2019,1310.0,Fatal
24396264,10010015,115.712915,-33.383016999999995,11/06/2019,2123.0,Fatal
24398072,10024434,115.92486799999999,-31.877025,15/06/2019,1546.0,Fatal
24398073,10024537,115.745427,-32.484615000000005,3/07/2019,2125.0,Fatal
24398074,10024541,115.81995500000001,-31.934347,2/07/2019,240.0,Fatal
24398202,10003275,115.9132,-31.861528000000003,22/05/2019,1616.0,Fatal
24398203,10003279,118.936622,-33.982972,25/05/2019,649.0,Fatal
24398204,10003283,115.85298,-31.936465999999996,25/05/2019,1135.0,Fatal
24398205,10003287,118.939123,-31.347596000000003,25/05/2019,2114.0,Fatal
24399648,10006529,116.02506499999998,-32.1214,1/06/2019,111.0,Fatal
24399649,10006533,115.942075,-32.732637,2/06/2019,1255.0,Fatal
24399650,10006537,118.901827,-33.100326,1/06/2019,1440.0,Fatal
24399752,10057369,120.00913700000001,-22.518911,17/08/2019,1710.0,Fatal
24399753,10057373,115.893029,-32.031217,17/08/2019,609.0,Fatal
24400003,10057745,116.015299,-31.890240000000002,21/08/2019,1931.0,Fatal
24401917,10042594,115.822911,-31.622892999999998,26/07/2019,2140.0,Fatal
24402031,10062183,115.42195600000001,-33.840678999999994,28/08/2019,1432.0,Fatal
24402032,10062187,115.63208600000002,-33.53014,27/08/2019,1510.0,Fatal
24402033,10062191,115.798822,-31.986456,4/08/2019,1650.0,Fatal
24402034,10062195,115.478804,-31.239426,27/08/2019,1820.0,Fatal
24402178,10043093,128.287288,-16.754893,1/08/2019,357.0,Fatal
24402238,10052561,115.81757900000001,-31.922782,6/08/2019,1920.0,Fatal
24403589,10075319,116.906398,-32.386695,16/09/2019,1145.0,Fatal
24403590,10075323,115.98416399999999,-32.299514,17/09/2019,1017.0,Fatal
24403591,10075327,115.109587,-30.590758,15/09/2019,1351.0,Fatal
24403592,10075331,115.760544,-32.276990000000005,11/09/2019,2038.0,Fatal
24403593,10075335,117.65098,-34.059234000000004,12/09/2019,1354.0,Fatal
24403597,10075517,115.847449,-33.224733,19/09/2019,1226.0,Fatal
24403599,10075636,116.08237199999999,-31.979662,22/09/2019,1140.0,Fatal
24404071,10066278,115.69545600000001,-33.31259,28/08/2019,909.0,Fatal
24404072,10066282,124.934401,-17.968166,31/08/2019,1557.0,Fatal
24404073,10066286,115.84177700000001,-31.871659,29/08/2019,2.0,Fatal
24404272,10047670,117.862449,-30.836253000000003,5/08/2019,1929.0,Fatal
24404273,10047674,121.451222,-30.76768,3/08/2019,1744.0,Fatal
24404274,10047678,118.590126,-20.440427,2/08/2019,1755.0,Fatal
24404396,10106655,118.105797,-32.055504,8/11/2019,522.0,Fatal
24404397,10106659,117.617704,-33.794067,10/11/2019,610.0,Fatal
24404398,10106663,115.042621,-33.941686,7/11/2019,1230.0,Fatal
24404399,10106667,115.848451,-31.950781,10/11/2019,2055.0,Fatal
24404891,10097538,115.06923700000002,-33.692398,15/10/2019,1730.0,Fatal
24404892,10097735,118.60198100000001,-20.384391,23/10/2019,1934.0,Fatal
24405328,10079263,115.97080700000001,-32.002666999999995,11/09/2019,1045.0,Fatal
24405329,10079357,115.00923300000001,-29.390843,23/09/2019,2220.0,Fatal
24405330,10079361,117.284332,-34.986808,27/09/2019,1203.0,Fatal
24405390,10088704,125.583823,-18.216775,10/10/2019,1835.0,Fatal
24406439,10110989,116.849461,-32.0862,13/11/2019,1907.0,Fatal
24407452,10093270,116.01441499999999,-31.632879,17/10/2019,810.0,Fatal
24407453,10093274,115.07419499999999,-33.694903000000004,15/10/2019,1730.0,Fatal
24407454,10093318,116.79933999999999,-31.866432,17/10/2019,1133.0,Fatal
24407647,10083957,115.85416000000001,-32.000719000000004,2/10/2019,1600.0,Fatal
24407648,10083961,116.007768,-32.043906,4/10/2019,2209.0,Fatal
24407649,10083965,115.57071,-22.092677,1/10/2019,1729.0,Fatal
24408439,10115005,115.83971000000001,-31.834521999999996,20/11/2019,1438.0,Fatal
24408440,10115072,115.782747,-31.931359999999998,21/11/2019,1931.0,Fatal
24409381,10127132,117.06154,-33.343465,4/12/2019,1450.0,Fatal
24409382,10127136,121.156377,-30.942969,8/12/2019,1330.0,Fatal
24409383,10127140,116.189001,-32.782621,7/12/2019,1350.0,Fatal
24410156,10148730,115.719058,-33.165359,12/01/2020,1550.0,Fatal
24410164,10118856,115.673681,-33.386221,28/11/2019,1732.0,Fatal
24410376,10148734,115.951982,-32.11925,5/01/2020,940.0,Fatal
24410377,10148738,114.62371200000001,-28.807479999999998,6/01/2020,1329.0,Fatal
24410387,10149013,116.91073,-33.715018,15/01/2020,1000.0,Fatal
24410388,10149017,118.859099,-33.952785999999996,15/01/2020,2217.0,Fatal
24410389,10149153,115.540843,-33.561225,16/01/2020,1910.0,Fatal
24410390,10149157,117.90652800000001,-33.88058,18/01/2020,1440.0,Fatal
24411429,10131586,115.97163400000001,-33.762908,13/12/2019,1653.0,Fatal
24411430,10131590,127.06239599999999,-31.908274,15/12/2019,1500.0,Fatal
24411431,10131594,115.88798600000001,-32.765157,13/12/2019,2035.0,Fatal
24411432,10131598,115.856707,-32.176388,8/12/2019,1040.0,Fatal
24411433,10131602,114.98528700000001,-29.897889000000003,15/12/2019,345.0,Fatal
24411434,10131606,117.87913400000001,-22.701656,17/12/2019,240.0,Fatal
24411435,10131658,118.72168799999999,-20.406822000000002,10/12/2019,456.0,Fatal
24411436,10131813,115.855104,-33.456251,26/12/2019,5.0,Fatal
24411437,10131817,121.472509,-30.747467999999998,23/12/2019,1030.0,Fatal
24411438,10131821,128.384327,-15.928131,21/12/2019,1248.0,Fatal
24411439,10131825,117.146679,-20.680254,25/12/2019,507.0,Fatal
24412691,10153831,117.39516699999999,-33.748128,21/01/2020,1430.0,Fatal
24412692,10153895,115.761996,-32.352235,23/01/2020,1557.0,Fatal
24413164,10135013,128.683986,-15.644592000000001,23/11/2019,1040.0,Fatal
24414077,10191052,115.76738200000001,-32.047225,21/03/2020,1635.0,Fatal
24414078,10191056,116.41943799999999,-30.842253000000003,17/03/2020,620.0,Fatal
24414079,10191060,123.64061299999999,-17.738808,21/03/2020,423.0,Fatal
24414080,10191143,117.685194,-32.357599,23/03/2020,1250.0,Fatal
24414562,10171759,116.153241,-33.998739,15/02/2020,1133.0,Fatal
24414563,10171763,115.704016,-31.670565000000003,16/02/2020,1819.0,Fatal
24414564,10171767,114.540024,-28.316013,14/02/2020,1355.0,Fatal
24414565,10171787,115.816056,-32.342534,15/02/2020,2151.0,Fatal
24414566,10171811,116.61521,-32.329553000000004,17/02/2020,930.0,Fatal
24414567,10171849,115.902449,-32.003307,19/02/2020,1543.0,Fatal
24416300,10175364,115.72926399999999,-33.067575,22/02/2020,1836.0,Fatal
24416301,10175452,115.880587,-31.827333000000003,26/02/2020,1620.0,Fatal
24416703,10187098,116.45763400000001,-31.524198,14/03/2020,2304.0,Fatal
24416704,10187102,118.20911000000001,-32.74153,15/03/2020,300.0,Fatal
24416705,10187106,117.63059299999999,-34.568872,7/03/2020,645.0,Fatal
24416706,10187110,115.728206,-31.637959999999996,16/03/2020,505.0,Fatal
24416707,10187134,116.04208,-32.119656,13/03/2020,1435.0,Fatal
24416823,10163047,117.28719299999999,-33.190579,3/02/2020,754.0,Fatal
24416824,10163054,115.44779,-33.588514,5/02/2020,1709.0,Fatal
24417980,10199725,115.779882,-31.313445,28/03/2020,449.0,Fatal
24417981,10199729,115.765914,-32.31629,1/04/2020,1024.0,Fatal
24418011,10166187,115.850806,-32.061807,10/02/2020,855.0,Fatal
24418089,10219106,115.964597,-31.834691999999997,5/05/2020,630.0,Fatal
24418090,10219186,115.724448,-31.580019,12/05/2020,1552.0,Fatal
24418091,10219232,121.96771899999999,-33.769234000000004,14/05/2020,1715.0,Fatal
24418092,10219323,116.135516,-31.899951,15/05/2020,1945.0,Fatal
24418093,10219327,115.77301000000001,-31.757315000000002,13/05/2020,1610.0,Fatal
24418199,10229607,115.883548,-31.965072999999997,15/06/2020,1835.0,Fatal
24418280,10238971,115.96294499999999,-33.787146,4/07/2020,1348.0,Fatal
24418281,10238975,125.533592,-18.256094,5/07/2020,801.0,Fatal
24418282,10238979,115.791226,-31.834333,3/07/2020,2030.0,Fatal
24418283,10239018,115.74781899999999,-33.446263,6/07/2020,1154.0,Fatal
24418541,10239498,115.21950600000001,-33.729282,9/07/2020,2328.0,Fatal
24418542,10239536,116.025827,-32.006859999999996,10/07/2020,2341.0,Fatal
24418968,10221098,117.235778,-32.74908,19/05/2020,715.0,Fatal
24418969,10221112,116.104289,-31.902931,20/05/2020,1436.0,Fatal
24418970,10221137,116.449696,-32.581583,21/05/2020,1635.0,Fatal
24419781,10213297,116.038206,-34.441993,29/04/2020,1001.0,Fatal
24419861,10223331,115.76292600000001,-32.294527,29/05/2020,2000.0,Fatal
24419862,10223335,114.78426100000001,-28.911196999999998,1/06/2020,1159.0,Fatal
24419863,10223339,115.694524,-31.655544,29/05/2020,2348.0,Fatal
24419961,10233140,115.77257900000001,-31.734972999999997,17/06/2020,100.0,Fatal
24420270,10204209,115.40170900000001,-34.103891,10/04/2020,1754.0,Fatal
24420271,10204229,115.76109,-31.822184999999998,7/04/2020,1540.0,Fatal
24420727,10225066,115.73865,-33.338305,3/06/2020,1330.0,Fatal
24421273,10216619,115.79848700000001,-32.366655,1/05/2020,713.0,Fatal
24421274,10216623,122.909848,-16.599785,2/05/2020,1650.0,Fatal
24421402,10235911,115.74600500000001,-32.554055,26/06/2020,2104.0,Fatal
24421403,10235915,115.893204,-32.0358,28/06/2020,32.0,Fatal
24421404,10235947,115.60929099999998,-33.447119,29/06/2020,1555.0,Fatal
24421406,10235967,115.921803,-32.054807000000004,2/07/2020,509.0,Fatal
24421602,10226903,115.96155900000001,-31.861507,5/06/2020,856.0,Fatal
24421644,10227296,115.796195,-31.313006,6/06/2020,1500.0,Fatal
24421860,10227304,115.829171,-32.511028,9/06/2020,339.0,Fatal
24421861,10227316,127.542604,-15.827354000000001,9/06/2020,1800.0,Fatal
24422304,10208707,115.697526,-32.558287,14/04/2020,1718.0,Fatal
24422305,10208711,125.95882399999999,-26.564721999999996,19/04/2020,200.0,Fatal
24422306,10208715,115.954856,-32.181841,18/04/2020,1303.0,Fatal
24422307,10208719,116.725974,-32.691074,15/04/2020,615.0,Fatal
24423104,10278948,116.052151,-32.175114,12/09/2020,1325.0,Fatal
24423105,10278952,117.080451,-32.524311,13/09/2020,1532.0,Fatal
24423106,10278956,128.532677,-18.518452,11/09/2020,1124.0,Fatal
24423107,10279107,116.75356000000001,-31.637462,18/09/2020,1839.0,Fatal
24423492,10250428,115.97313500000001,-32.235716,29/07/2020,1215.0,Fatal
24423930,10270875,122.220897,-17.971463,1/09/2020,2316.0,Fatal
24424448,10262266,121.471104,-30.731094,18/08/2020,1700.0,Fatal
24424449,10262305,115.735813,-33.339403999999995,20/08/2020,1535.0,Fatal
24424450,10262371,118.26463600000001,-32.429544,21/08/2020,732.0,Fatal
24424907,10243035,118.633427,-20.375279000000003,8/07/2020,1937.0,Fatal
24424908,10243071,117.55681299999999,-32.089298,15/07/2020,630.0,Fatal
24424909,10243317,116.055954,-34.434595,18/07/2020,1530.0,Fatal
24425742,10275020,115.693626,-31.549003000000003,6/09/2020,1359.0,Fatal
24426246,10266310,119.572572,-25.478731,26/08/2020,1.0,Fatal
24426247,10266327,115.68958799999999,-31.580108000000003,27/08/2020,2155.0,Fatal
24426248,10266386,117.876327,-35.003417999999996,28/08/2020,1815.0,Fatal
24426249,10266390,115.97855600000001,-32.051473,26/08/2020,1435.0,Fatal
24426250,10266394,117.381111,-33.296779,30/08/2020,1120.0,Fatal
24426385,10246603,124.881424,-18.558557999999998,20/07/2020,2009.0,Fatal
24426387,10246639,115.76536399999999,-32.530669,22/07/2020,830.0,Fatal
24426388,10246809,125.60845900000001,-18.298258999999998,26/07/2020,230.0,Fatal
24427056,10258114,115.06298999999999,-33.692475,9/08/2020,1553.0,Fatal
24427057,10258150,115.77011200000001,-32.349255,7/08/2020,859.0,Fatal
24427058,10258154,115.925027,-31.8482,7/08/2020,2232.0,Fatal
24427059,10258286,115.97313500000001,-32.235716,13/08/2020,1045.0,Fatal
24427060,10258375,117.899064,-27.517439000000003,14/08/2020,920.0,Fatal
24427939,10298436,116.05275900000001,-32.432835,15/10/2020,1256.0,Fatal
24427940,10298440,116.78116999999999,-32.950703999999995,18/10/2020,1030.0,Fatal
24427941,10298444,115.074807,-33.692941,16/10/2020,530.0,Fatal
24427942,10298448,115.68992,-31.568032000000002,18/10/2020,117.0,Fatal
24427956,10298600,115.29818999999999,-33.659673,21/10/2020,1317.0,Fatal
24428765,10290781,119.773618,-23.370910000000002,4/10/2020,2349.0,Fatal
24428768,10290834,122.522601,-29.705447999999997,6/10/2020,1830.0,Fatal
24428987,10290838,115.863891,-31.947554999999998,6/10/2020,1607.0,Fatal
24428988,10290856,115.27578999999999,-30.293378000000004,7/10/2020,633.0,Fatal
24428991,10290895,124.98658300000001,-17.967745999999998,10/10/2020,625.0,Fatal
24428992,10290903,118.57371299999998,-20.395395,10/10/2020,1900.0,Fatal
24429164,10310258,118.13646299999999,-34.006453,6/11/2020,1115.0,Fatal
24429165,10310262,117.949096,-34.560598,7/11/2020,1425.0,Fatal
24429175,10310433,116.13770500000001,-33.345797,11/11/2020,1922.0,Fatal
24429178,10310485,115.79745700000001,-31.685815,12/11/2020,1554.0,Fatal
24429180,10310557,115.70049399999999,-33.404709000000004,15/11/2020,1445.0,Fatal
24429189,10310601,116.099962,-31.754638,13/11/2020,2341.0,Fatal
24429965,10302451,116.01409,-32.115883000000004,25/10/2020,1440.0,Fatal
24429966,10302455,115.887295,-31.852559999999997,24/10/2020,1653.0,Fatal
24430794,10294762,117.97816499999999,-34.611247,14/10/2020,1452.0,Fatal
24431291,10286491,115.93383100000001,-31.946378999999997,27/09/2020,1935.0,Fatal
24431709,10306111,116.18016899999999,-32.276891,30/10/2020,1454.0,Fatal
24431710,10306115,115.513508,-33.600161,1/11/2020,1307.0,Fatal
24431711,10306119,116.77304299999999,-30.730818,1/11/2020,1542.0,Fatal
24431724,10306357,115.80346000000002,-32.241371,3/11/2020,1440.0,Fatal
24431821,10287241,115.230217,-29.666942,28/09/2020,918.0,Fatal
